area_name,area_code,cum_cases,cum_LFDTests,longitude,latitude,logcase,logtest,engpop_density,logpopd,population 
Islington,E09000019,8967,4846,-0.106,51.5,3.95264717,3.68538341,16094,4.206663997,239142
Tower Hamlets,E09000030,18037,4397,-0.0293,51.5,4.256164305,3.643156466,16071,4.206042901,317705
Hackney,E09000012,13311,5005,-0.0724,51.6,4.124210683,3.699404082,14670,4.166430114,279665
Kensington and Chelsea,E09000020,5342,4979,-0.194,51.5,3.727703884,3.697142126,12877,4.109814696,156197
Lambeth,E09000022,13812,4152,-0.123,51.5,4.14025657,3.618257345,12151,4.084612021,325917
Camden,E09000007,8333,4708,-0.143,51.5,3.920801382,3.672836454,12031,4.080301727,262226
Westminster,E09000033,8351,6376,-0.136,51.5,3.921738484,3.804548308,11888,4.075108796,255324
Hammersmith and Fulham,E09000013,7640,5317,-0.229,51.5,3.883093359,3.72566666,11304,4.053232149,185426
Southwark,E09000028,12727,5142,-0.0763,51.5,4.104726044,3.711132072,10995,4.041195234,317256
Newham,E09000025,20042,2961,0.0352,51.5,4.301941058,3.471438407,9718,3.987576895,352005
Wandsworth,E09000032,13218,4940,-0.19,51.5,4.121165748,3.693726949,9528,3.979001748,326474
Haringey,E09000014,12218,2822,-0.111,51.6,4.087000121,3.450557009,9146,3.961231197,270624
Lewisham,E09000023,12004,4067,-0.0117,51.4,4.079325987,3.609274172,8637,3.93636292,303536
Brent,E09000005,14638,10030,-0.271,51.6,4.165481743,4.001300933,7651,3.883718202,330795
Waltham Forest,E09000031,15123,6936,-0.0118,51.6,4.179637952,3.841109084,7129,3.853028615,276700
Ealing,E09000009,15953,3484,-0.341,51.5,4.202842365,3.542078146,6159,3.789510204,341982
Greenwich,E09000011,12407,7014,0.00982,51.5,4.093666782,3.845965762,6045,3.781396305,286186
Barking and Dagenham,E09000002,13600,2210,0.134,51.6,4.133538908,3.344392274,5874,3.768933942,211998
Merton,E09000024,9363,1685,-0.211,51.4,3.971415023,3.226599905,5482,3.738939031,206186
Redbridge,E09000026,20657,4465,0.0824,51.6,4.31506725,3.649821463,5386,3.731266349,303858
Portsmouth,E06000044,8030,4372,-1.09,50.8,3.904715545,3.640680153,5324,3.726238047,215133
Southampton,E06000045,7110,2302,-1.4,50.9,3.851869601,3.362105319,5067,3.704750904,252796
Harrow,E09000015,11705,3304,-0.342,51.6,4.068371418,3.519040039,4956,3.695131298,250149
Luton,E06000032,10664,13525,-0.42,51.9,4.027920136,4.131137274,4939,3.693639026,214109
Leicester,E06000016,22914,8963,-1.14,52.6,4.360100909,3.952453396,4845,3.685293781,355218
Hounslow,E09000018,12724,2391,-0.373,51.5,4.10462366,3.378579576,4837,3.684576087,270782
Manchester,E08000003,36762,11416,-2.24,53.5,4.565399131,4.05751396,4735,3.675319983,547627
Kingston upon Thames,E09000021,7635,3704,-0.301,51.4,3.882809041,3.568670978,4711,3.673113104,175470
Sutton,E09000029,9149,2345,-0.194,51.4,3.961373628,3.370142847,4664,3.668758542,204525
Slough,E06000039,7997,789,-0.595,51.5,3.902927096,2.897077003,4583,3.661149857,149112
Barnet,E09000003,17511,4482,-0.208,51.6,4.243310948,3.651471852,4521,3.655234507,392140
Watford,E07000103,4634,717,-0.39,51.7,3.665956029,2.855519156,4517,3.654850091,96767
Croydon,E09000008,17003,2709,-0.0982,51.4,4.230525555,3.432809005,4454,3.648750213,385346
Nottingham,E06000018,20537,5928,-1.16,53,4.312537003,3.772908195,4437,3.647089429,331069
Liverpool,E08000012,29109,265951,-2.99,53.4,4.464027286,5.424801628,4424,3.645815118,494814
Southend-on-Sea,E06000033,9003,1563,0.708,51.5,3.95438725,3.193958978,4370,3.640481437,182463
Birmingham,E08000025,57584,16966,-1.89,52.5,4.760301829,4.229579463,4262,3.629613445,1141374
"Bristol, City of",E06000023,19670,10913,-2.59,51.5,4.29380436,4.037944155,4228,3.626134979,463405
Bournemouth,E06000028,11339,4587,-1.88,50.7,4.054574755,3.66152874,4209,3.624178926,194355
Enfield,E09000010,18225,9803,-0.0807,51.7,4.260667537,3.991359003,4131,3.616055195,333869
Bexley,E09000004,14076,3570,0.117,51.5,4.148479258,3.552668216,4083,3.61097938,247258
Reading,E06000038,5646,3057,-0.978,51.5,3.751740874,3.485295439,4040,3.606381365,163203
Blackpool,E06000009,6435,3368,-3.04,53.8,3.808548551,3.527372083,3994,3.601408061,139305
Sandwell,E08000028,17852,2413,-2.01,52.5,4.251686878,3.382557322,3826,3.582744966,327378
Wolverhampton,E08000031,13305,12498,-2.13,52.6,4.124014879,4.09684052,3773,3.576686805,262008
Coventry,E08000026,12964,11170,-1.52,52.4,4.112739022,4.048053173,3718,3.570309385,366785
"Kingston upon Hull, City of",E06000010,13327,1918,-0.327,53.8,4.124732398,3.282848603,3648,3.56205483,260645
Norwich,E07000148,3465,5136,1.3,52.6,3.539703239,3.710625015,3616,3.558228422,141137
Brighton and Hove,E06000043,7886,7838,-0.137,50.8,3.896856773,3.894205259,3513,3.54567815,290395
Ipswich,E07000202,3776,1290,1.15,52.1,3.577031986,3.11058971,3489,3.542700969,137532
Richmond upon Thames,E09000027,6736,3355,-0.304,51.5,3.828402078,3.525692525,3429,3.535167485,196904
Worthing,E07000229,2311,1018,-0.373,50.8,3.363799945,3.007747778,3387,3.529815197,110025
Oxford,E07000178,5512,2481,-1.26,51.8,3.741309209,3.394626764,3385,3.529558673,154327
Stevenage,E07000101,2830,960,-0.197,51.9,3.451786436,2.982271233,3380,3.5289167,87754
Gosport,E07000088,1914,582,-1.12,50.8,3.281941933,2.764922985,3368,3.527372083,85283
Derby,E06000015,11114,2808,-1.47,52.9,4.045870392,3.448397103,3296,3.517987203,257174
Plymouth,E06000026,5556,3991,-4.14,50.4,3.744762237,3.601081728,3296,3.517987203,263100
Dudley,E08000027,15190,4806,-2.08,52.5,4.181557774,3.681783766,3273,3.514946005,320626
Gloucester,E07000081,3945,1264,-2.24,51.9,3.596047008,3.101747074,3189,3.503654519,129285
Hastings,E07000062,3821,800,0.573,50.9,3.582177038,2.903089987,3124,3.494711025,92855
Cambridge,E07000008,3288,1336,0.122,52.2,3.516931809,3.125806458,3090,3.489958479,125758
Worcester,E07000237,2783,840,-2.22,52.2,3.444513206,2.924279286,3062,3.486005186,101891
City of London,E09000001,13311,5005,-0.091,51.5,4.124210683,3.699404082,3004,3.477699928,8706
Harlow,E07000073,4351,565,0.0878,51.8,3.638589083,2.752048448,2836,3.452706227,86594
Northampton,E07000154,9430,2563,-0.903,52.2,3.974511693,3.408748606,2788,3.445292769,225146
Lincoln,E07000138,4940,3499,-0.541,53.2,3.693726949,3.543943942,2775,3.443262987,99039
Exeter,E07000041,3504,2392,-3.53,50.7,3.544564097,3.378761175,2773,3.44294987,130428
Stoke-on-Trent,E06000021,13225,8593,-2.18,53,4.121395681,3.934144812,2738,3.437433444,255833
Walsall,E08000030,13681,2463,-1.98,52.6,4.136117843,3.391464412,2726,3.435525851,283378
Newcastle upon Tyne,E08000021,17945,6085,-1.62,55,4.253943463,3.784260583,2646,3.42258984,300196
Hillingdon,E09000017,14207,5012,-0.448,51.5,4.15250238,3.700011062,2635,3.42078062,304824
Salford,E08000006,15811,2127,-2.29,53.5,4.198959339,3.32776749,2618,3.417969642,254408
Middlesbrough,E06000002,7405,983,-1.23,54.6,3.869525063,2.992553518,2609,3.416474079,140545
Cheltenham,E07000078,2357,1413,-2.08,51.9,3.372359583,3.150142162,2512,3.400019635,117090
Crawley,E07000226,3532,960,-0.187,51.1,3.548020695,2.982271233,2500,3.397940009,112448
North Tyneside,E08000022,8438,1090,-1.49,55,3.926239521,3.037426498,2500,3.397940009,205985
Tamworth,E07000199,2939,863,-1.69,52.6,3.468199586,2.936010796,2486,3.395501124,76678
Rushmoor,E07000092,3952,1833,-0.762,51.3,3.596816936,3.263162465,2437,3.386855529,95142
Oadby and Wigston,E07000135,3403,789,-1.1,52.6,3.531861949,2.897077003,2426,3.384890797,57056
Epsom and Ewell,E07000208,3096,999,0.269,51.3,3.490800952,2.999565488,2346,3.370328008,79928
Poole,E06000029,11339,4587,-1.99,50.7,4.054574755,3.66152874,2338,3.368844507,151397
Eastbourne,E07000061,2982,1811,0.29,50.8,3.474507639,3.25791845,2336,3.368472838,103160
South Tyneside,E08000023,8016,819,-1.44,55,3.903957709,2.913283902,2333,3.367914739,150265
Stockport,E08000007,13180,1915,-2.16,53.4,4.11991541,3.282168778,2315,3.364550995,291775
Havering,E09000016,18163,4996,0.212,51.6,4.259187583,3.69862243,2294,3.360593414,257810
Havant,E07000090,4000,900,-0.985,50.9,3.602059991,2.954242509,2272,3.356408327,125813
Trafford,E08000009,10960,1641,-2.35,53.4,4.039810554,3.215108581,2229,3.348110068,236370
Spelthorne,E07000213,4113,1784,-0.458,51.4,3.61415871,3.25139485,2213,3.344981414,99334
Bromley,E09000006,15299,3118,0.0132,51.4,4.184663045,3.493876111,2205,3.343408594,331096
Tameside,E08000008,12196,967,-2.08,53.5,4.086217416,2.985426474,2183,3.339053736,225197
Torbay,E06000027,2369,1120,-3.53,50.5,3.374565061,3.049218023,2160,3.334453751,135780
Wirral,E08000015,13447,49543,-3.07,53.4,4.128625405,4.694982301,2058,3.31344537,323235
Bolton,E08000001,17601,1376,-2.43,53.6,4.245537343,3.138618434,2041,3.309843005,285372
Sunderland,E08000024,14183,1733,-1.38,54.9,4.151768103,3.238798563,2018,3.304921162,277417
Castle Point,E07000069,5122,559,0.591,51.5,3.709439574,2.747411808,1999,3.300812794,90070
Bury,E08000002,12024,1106,-2.3,53.6,4.080048968,3.043755127,1911,3.281260687,190108
Broxbourne,E07000095,5697,2781,-0.0212,51.7,3.755646219,3.444200989,1883,3.27485032,96876
Sefton,E08000014,13153,45832,-2.97,53.5,4.11902482,4.661168809,1798,3.254789687,275396
Wigan,E08000010,19953,3170,-2.63,53.5,4.300008203,3.501059262,1733,3.238798563,326088
Knowsley,E08000011,9475,32745,-2.83,53.4,3.976579219,4.515144995,1730,3.238046103,149571
Basildon,E07000066,11859,13242,0.489,51.6,4.074048069,4.121953584,1689,3.22762965,185862
Oldham,E08000004,17141,903,-2.11,53.5,4.234036155,2.95568775,1655,3.218797998,235623
Eastleigh,E07000086,2855,970,-1.37,51,3.455606113,2.986771734,1652,3.218010043,131819
Nuneaton and Bedworth,E07000219,5029,5455,-1.45,52.5,3.701481636,3.736794755,1633,3.212986185,128902
Halton,E06000006,6356,13110,-2.73,53.4,3.803183889,4.117602692,1624,3.210586025,128432
Woking,E07000217,3810,1218,-0.56,51.3,3.580924976,3.085647288,1591,3.20167018,101167
Chesterfield,E07000034,3558,707,-1.42,53.2,3.551205944,2.849419414,1584,3.199755177,104628
Sheffield,E08000019,30258,7985,-1.47,53.4,4.480840219,3.90227492,1583,3.199480915,582506
Weymouth and Portland,E07000053,5357,2200,-2.46,50.6,3.728921646,3.342422681,1577,3.197831693,65865
Fareham,E07000087,2695,822,-1.19,50.9,3.43055877,2.914871818,1567,3.195068996,116339
Redditch,E07000236,2928,888,-1.94,52.3,3.466571072,2.948412966,1567,3.195068996,84989
Adur,E07000223,1403,414,-0.31,50.8,3.147057671,2.617000341,1528,3.184123354,63869
Dartford,E07000107,6475,950,0.217,51.4,3.811239773,2.977723605,1508,3.178401342,109709
Bradford,E08000032,34060,4041,-1.76,53.8,4.532244644,3.60648885,1466,3.16613397,537173
Medway,E06000035,18133,34252,0.542,51.4,4.258469662,4.534685935,1447,3.160468531,277855
Elmbridge,E07000207,4622,1688,-0.398,51.4,3.664829941,3.227372442,1437,3.157456768,136626
Leeds,E08000035,42667,12482,-1.55,53.8,4.630092108,4.096284178,1430,3.155336037,789194
Gateshead,E08000020,9723,963,-1.6,55,3.987800286,2.983626287,1423,3.1532049,202508
Mansfield,E07000174,4246,565,-1.2,53.1,3.62797999,2.752048448,1419,3.151982395,108841
Broxtowe,E07000172,4358,869,-1.25,52.9,3.639287226,2.939019776,1414,3.150449409,113272
Rochdale,E08000005,15139,739,-2.16,53.6,4.180097189,2.868644438,1392,3.143639235,220001
Thanet,E07000114,7745,2965,1.35,51.4,3.889021422,3.472024698,1372,3.137354111,141819
St. Helens,E08000013,9339,22221,-2.74,53.5,3.970300375,4.346763599,1320,3.120573931,180049
Cannock Chase,E07000192,4050,1686,-1.99,52.7,3.607455023,3.22685757,1269,3.103461622,100109
Solihull,E08000029,8476,2619,-1.78,52.4,3.928190948,3.418135498,1205,3.080987047,214909
Ashfield,E07000170,5217,801,-1.27,53.1,3.717420837,2.903632516,1161,3.06483222,127151
Warrington,E06000007,10999,3480,-2.6,53.4,4.041353202,3.541579244,1160,3.064457989,209547
Reigate and Banstead,E07000211,5001,1615,-0.21,51.3,3.699056855,3.208172527,1144,3.058426024,147757
Runnymede,E07000212,3397,2488,-0.541,51.4,3.531095547,3.395850376,1128,3.0523091,88000
Bracknell Forest,E06000036,4090,1888,-0.754,51.4,3.611723308,3.27600199,1112,3.046104787,121676
Hyndburn,E07000120,4954,706,-2.38,53.8,3.694956002,2.848804701,1107,3.044147621,80815
Blackburn with Darwen,E06000008,12161,1731,-2.47,53.7,4.084969288,3.238297068,1087,3.036229544,148942
Gravesham,E07000109,6460,1134,0.399,51.4,3.810232518,3.054613055,1074,3.031004281,106385
Kirklees,E08000034,23068,16751,-1.8,53.6,4.363009943,4.224040739,1074,3.031004281,438727
Thurrock,E06000034,11223,886,0.353,51.5,4.050108963,2.947433722,1056,3.023663918,172525
Erewash,E07000036,3897,813,-1.33,52.9,3.590730406,2.910090546,1053,3.022428371,115490
Three Rivers,E07000102,3874,914,-0.462,51.7,3.588159616,2.960946196,1048,3.020361283,93045
Hertsmere,E07000098,4898,1416,-0.308,51.7,3.690018781,3.151063253,1030,3.012837225,104205
Wakefield,E08000036,16683,1360,-1.51,53.7,4.22227415,3.133538908,1019,3.008174184,345038
Preston,E07000123,8892,2185,-2.7,53.8,3.948999454,3.339451441,997,2.998695158,141818
Christchurch,E07000048,11339,4587,-1.78,50.7,4.054574755,3.66152874,993,2.996949248,50032
Hartlepool,E06000001,5728,475,-1.21,54.7,3.758003009,2.67669361,993,2.996949248,93242
Gedling,E07000173,4916,678,-1.08,53,3.691611874,2.831229694,982,2.992111488,117786
South Ribble,E07000126,4726,883,-2.69,53.7,3.674493717,2.945960704,978,2.990338855,110527
Stockton-on-Tees,E06000004,9913,1127,-1.33,54.6,3.996205106,3.051923916,967,2.985426474,197213
Swindon,E06000030,6497,1076,-1.78,51.6,3.812712867,3.031812271,965,2.984527313,221996
Welwyn Hatfield,E07000104,3994,2772,-0.213,51.7,3.601408061,3.442793226,947,2.976349979,122746
Wokingham,E06000041,4888,2064,-0.834,51.4,3.689131197,3.314709693,939,2.972665592,167979
Surrey Heath,E07000214,3171,1055,-0.669,51.3,3.501196242,3.02325246,935,2.970811611,88874
Rotherham,E08000018,13936,931,-1.36,53.4,4.144138138,2.968949681,924,2.965671971,264671
St Albans,E07000100,4796,2102,-0.339,51.8,3.680879174,3.322632712,914,2.960946196,147373
Corby,E07000150,2015,278,-0.684,52.5,3.30427505,2.444044796,882,2.945468585,70827
Milton Keynes,E06000042,11379,7428,-0.759,52,4.056104097,3.870871895,870,2.939519253,268607
Barrow-in-Furness,E07000027,2467,388,-3.22,54.1,3.392169149,2.588831726,861,2.935003151,67137
North East Lincolnshire,E06000012,6196,726,-0.0815,53.6,3.792111409,2.860936621,833,2.920645001,159821
Burnley,E07000117,6591,1010,-2.24,53.8,3.818951312,3.004321374,800,2.903089987,88527
York,E06000014,7696,9314,-1.09,54,3.886265059,3.969136234,772,2.8876173,209893
Blaby,E07000129,4337,951,-1.17,52.6,3.637189422,2.978180517,770,2.886490725,100421
Windsor and Maidenhead,E06000040,5003,1448,-0.624,51.5,3.699230503,3.160768562,768,2.88536122,150906
Barnsley,E08000016,12757,1003,-1.48,53.6,4.105748556,3.001300933,745,2.872156273,245199
Dacorum,E07000096,4792,1358,-0.499,51.7,3.680516809,3.13289977,726,2.860936621,154280
Arun,E07000224,3616,1639,-0.576,50.8,3.558228422,3.214578954,724,2.859738566,159827
Charnwood,E07000130,8037,3612,-1.15,52.7,3.905093968,3.557747742,655,2.8162413,182643
Newcastle-under-Lyme,E07000195,5876,7657,-2.23,53,3.769081787,3.884058647,614,2.788168371,129490
Telford and Wrekin,E06000020,5723,1416,-2.49,52.7,3.757623746,3.151063253,612,2.786751422,177799
Colchester,E07000071,5454,3062,0.892,51.9,3.736715134,3.486005186,585,2.767155866,192523
Peterborough,E06000031,7856,928,-0.241,52.6,3.895201475,2.967547976,585,2.767155866,201041
Calderdale,E08000033,10008,1500,-1.87,53.7,4.000347297,3.176091259,577,2.761175813,210082
Chorley,E07000118,4993,1011,-2.63,53.7,3.698361566,3.004751156,576,2.760422483,116821
North Somerset,E06000024,6169,2239,-2.78,51.4,3.79021477,3.350054094,572,2.757396029,213919
Great Yarmouth,E07000145,2843,1197,1.73,52.6,3.45377686,3.07809415,570,2.755874856,99370
South Gloucestershire,E06000025,9092,2988,-2.47,51.5,3.958659427,3.475380593,569,2.755112266,282644
Redcar and Cleveland,E06000003,5682,1073,-1.08,54.6,3.754501229,3.030599722,558,2.746634199,136718
Bath and North East Somerset,E06000022,5073,5491,-2.48,51.3,3.705264862,3.739651444,556,2.745074792,192106
Doncaster,E08000017,15250,2085,-1.13,53.5,4.183269844,3.319106059,547,2.737987326,310542
Guildford,E07000209,4392,4199,-0.57,51.2,3.642662331,3.623145875,546,2.737192643,147889
Tonbridge and Malling,E07000115,5373,1699,0.35,51.3,3.730216841,3.230193379,543,2.73479983,130508
Darlington,E06000005,4625,3778,-1.56,54.5,3.665111737,3.577261954,540,2.73239376,106566
Pendle,E07000122,6467,921,-2.16,53.9,3.810702861,2.96425963,540,2.73239376,91405
Wycombe,E07000007,5571,2096,-0.808,51.6,3.745933158,3.321391278,538,2.730782276,174641
Canterbury,E07000106,6873,5025,1.08,51.3,3.837146344,3.701136066,533,2.726727209,164553
Chelmsford,E07000070,7595,1498,0.469,51.7,3.880527778,3.175511813,523,2.718501689,177079
Wyre Forest,E07000239,3023,579,-2.25,52.4,3.480438147,2.762678564,517,2.713490543,101062
Rossendale,E07000125,4152,517,-2.26,53.7,3.618257345,2.713490543,514,2.710963119,70895
Rochford,E07000075,4159,545,0.707,51.6,3.61898892,2.736396502,513,2.710117365,86981
Warwick,E07000222,4636,6084,-1.58,52.3,3.666143427,3.784189205,504,2.702430536,142484
Brentwood,E07000068,4987,2717,0.307,51.6,3.697839368,3.434089638,500,2.698970004,76550
Bolsover,E07000033,3435,575,-1.29,53.2,3.535926741,2.759667845,496,2.695481676,79530
South Bucks,E07000006,2923,728,-0.632,51.6,3.465828815,2.862131379,496,2.695481676,70043
Chiltern,E07000005,2421,1339,-0.641,51.7,3.383994789,3.126780577,489,2.689308859,95927
Wellingborough,E07000156,2352,556,-0.694,52.3,3.371437317,2.745074792,487,2.687528961,79478
Fylde,E07000119,3035,1004,-2.9,53.8,3.482158695,3.001733713,481,2.682145076,79770
Amber Valley,E07000032,5242,755,-1.48,53,3.719497017,2.877946952,477,2.678518379,126678
Bromsgrove,E07000234,3594,1093,-2.06,52.3,3.555578073,3.038620162,455,2.658011397,98662
Mid Sussex,E07000228,4018,1885,-0.115,51,3.604009932,3.275311355,448,2.651278014,149716
Hart,E07000089,2339,1132,-0.893,51.3,3.369030222,3.053846427,447,2.650307523,96293
Kettering,E07000153,2871,721,-0.73,52.4,3.458033192,2.857935265,434,2.63748973,101266
Maidstone,E07000110,8444,2144,0.523,51.3,3.926548225,3.331224781,432,2.635483747,169955
Tendring,E07000076,3939,844,1.11,51.9,3.595385981,2.926342447,432,2.635483747,145803
Swale,E07000113,9887,5847,0.822,51.3,3.995064534,3.766933094,398,2.599883072,148519
Central Bedfordshire,E06000056,8861,7372,-0.465,52,3.947482737,3.867585327,396,2.597695186,283606
Wyre,E07000128,4316,1902,-2.81,53.9,3.635081436,3.279210513,394,2.595496222,111223
Epping Forest,E07000072,8429,2175,0.0413,51.7,3.925776054,3.337459261,387,2.587710965,131137
Hinckley and Bosworth,E07000132,3541,1114,-1.41,52.6,3.549125927,3.046885191,378,2.5774918,112423
Dover,E07000108,5454,1181,1.31,51.1,3.736715134,3.072249898,372,2.57054294,116969
Isle of Wight,E06000046,2547,1396,-1.3,50.7,3.406028945,3.144885418,372,2.57054294,141538
Cheshire West and Chester,E06000050,12976,8076,-2.72,53.2,4.113140837,3.90719631,371,2.56937391,340502
North East Derbyshire,E07000038,3802,555,-1.44,53.2,3.580012113,2.744292983,367,2.564666064,101125
North West Leicestershire,E07000134,3294,1041,-1.47,52.7,3.517723595,3.01745073,366,2.563481085,102126
Waverley,E07000216,3463,2239,-0.676,51.2,3.539452492,3.350054094,364,2.561101384,125610
Bedford,E06000055,6970,2945,-0.467,52.1,3.843232778,3.469085299,360,2.556302501,171623
Tunbridge Wells,E07000116,3503,979,0.264,51.1,3.544440137,2.990782692,356,2.551449998,118054
North Hertfordshire,E07000099,3216,1753,-0.215,52,3.50731604,3.243781916,355,2.550228353,133214
Tandridge,E07000215,3140,871,-0.0472,51.2,3.496929648,2.940018155,353,2.547774705,87496
Lewes,E07000063,2455,1208,0.00878,50.9,3.390051496,3.082066934,352,2.546542663,102744
Mole Valley,E07000210,2559,1048,-0.326,51.2,3.408070286,3.020361283,338,2.5289167,87253
West Lancashire,E07000127,5782,4552,-2.86,53.6,3.762078087,3.658202253,329,2.517195898,113949
Cheshire East,E06000049,13057,3505,-2.22,53.2,4.115843404,3.544688022,326,2.5132176,380790
Sevenoaks,E07000111,4326,991,0.191,51.3,3.636086515,2.996073654,326,2.5132176,120293
Waveney,E07000206,4293,2425,1.62,52.4,3.632760888,3.384711743,320,2.505149978,118311
Shepway,E07000112,5063,721,1.17,51.1,3.704407927,2.857935265,316,2.499687083,112578
Lichfield,E07000194,3841,1417,-1.83,52.7,3.584444307,3.15136985,314,2.496929648,103965
East Hertfordshire,E07000097,4910,1765,-0.0476,51.9,3.691081492,3.24674471,311,2.492760389,148105
South Derbyshire,E07000039,4314,4549,-1.52,52.8,3.634880141,3.657915937,309,2.489958479,104493
East Staffordshire,E07000193,5566,3358,-1.83,52.8,3.745543202,3.526080692,306,2.485721426,118574
Rugby,E07000220,3593,1023,-1.27,52.4,3.555457217,3.009875634,305,2.484299839,107194
Rushcliffe,E07000176,4384,1554,-1.02,52.9,3.641870545,3.191451014,288,2.459392488,117671
Basingstoke and Deane,E07000084,4205,1213,-1.18,51.3,3.623766,3.083860801,277,2.442479769,175729
South Staffordshire,E07000196,5046,3349,-2.17,52.7,3.702947246,3.524915148,275,2.439332694,112126
Horsham,E07000227,3085,1759,-0.326,51.1,3.489255168,3.245265839,268,2.428134794,142217
Stroud,E07000082,2345,1346,-2.22,51.7,3.370142847,3.12904506,258,2.411619706,119019
Taunton Deane,E07000190,3064,1720,-3.11,51,3.486288761,3.235528447,257,2.409933123,118979
East Dorset,E07000049,5339,2200,-1.92,50.9,3.727459921,3.342422681,254,2.404833717,89889
Cherwell,E07000177,4878,1117,-1.2,51.9,3.688241796,3.048053173,253,2.403120521,149161
Lancaster,E07000121,5552,2319,-2.8,54,3.744449457,3.365300749,250,2.397940009,144246
Braintree,E07000067,6120,949,0.551,51.9,3.786751422,2.977266212,248,2.394451681,151561
New Forest,E07000091,3061,1206,-1.63,50.9,3.48586333,3.081347308,239,2.378397901,179753
County Durham,E06000047,25448,2547,-1.88,54.7,4.405653656,3.406028945,237,2.374748346,526980
East Hampshire,E07000085,2745,1437,-0.875,51.1,3.438542349,3.157456768,235,2.371067862,120681
Broadland,E07000144,3010,1288,1.24,52.7,3.478566496,3.109915863,234,2.369215857,129464
Vale of White Horse,E07000180,2860,1392,-1.48,51.6,3.456366033,3.143639235,232,2.365487985,133732
North Warwickshire,E07000218,2420,5569,-1.61,52.5,3.383815366,3.745777218,228,2.357934847,64850
Stafford,E07000197,5624,3077,-2.12,52.8,3.750045312,3.488127496,227,2.356025857,135880
West Berkshire,E06000037,3599,1104,-1.14,51.4,3.556181847,3.042969073,225,2.352182518,158527
Ashford,E07000105,6560,967,0.875,51.1,3.816903839,2.985426474,223,2.348304863,129281
Tewkesbury,E07000083,1722,719,-2.16,52,3.236033147,2.85672889,223,2.348304863,92599
Aylesbury Vale,E07000004,6533,1684,-0.819,51.8,3.815112658,3.226342087,221,2.344392274,199448
Sedgemoor,E07000188,2907,948,-2.97,51.2,3.463445032,2.976808337,218,2.338456494,122791
South Oxfordshire,E07000179,3441,1221,-1.1,51.6,3.536684673,3.086715664,207,2.315970345,140504
North Lincolnshire,E06000013,6312,663,-0.56,53.6,3.80016699,2.821513528,203,2.307496038,172005
Test Valley,E07000093,2664,1041,-1.55,51.1,3.42553422,3.01745073,199,2.298853076,125169
Teignbridge,E07000045,1586,1396,-3.59,50.5,3.200303183,3.144885418,197,2.294466226,132844
Huntingdonshire,E07000011,3731,1001,-0.243,52.4,3.571825249,3.000434077,196,2.292256071,177352
Boston,E07000136,3293,468,-0.0266,53,3.517591731,2.670245853,192,2.283301229,69366
Wealden,E07000065,4359,2407,0.231,51,3.639386869,3.38147609,192,2.283301229,160175
Wychavon,E07000238,3130,710,-2.03,52.2,3.495544338,2.851258349,192,2.283301229,127340
Rother,E07000064,3226,740,0.416,51,3.508664363,2.86923172,188,2.274157849,95656
Winchester,E07000094,2988,1752,-1.31,51.1,3.475380593,3.243534102,188,2.274157849,124295
Newark and Sherwood,E07000175,4235,920,-0.952,53.1,3.626853415,2.963787827,187,2.271841607,121566
Fenland,E07000010,2312,653,0.0873,52.5,3.36398783,2.814913181,186,2.269512944,101491
East Northamptonshire,E07000152,2552,913,-0.459,52.5,3.40688067,2.960470778,184,2.264817823,93906
Bassetlaw,E07000171,5075,653,-0.94,53.3,3.705436047,2.814913181,183,2.26245109,116839
Maldon,E07000074,2144,308,0.671,51.7,3.331224781,2.488550717,180,2.255272505,64425
East Devon,E07000040,2559,985,-3.26,50.8,3.408070286,2.99343623,177,2.247973266,144317
South Cambridgeshire,E07000012,3099,1218,0.048,52.1,3.491221576,3.085647288,175,2.243038049,157519
South Somerset,E07000189,2851,1122,-2.7,51,3.454997217,3.049992857,175,2.243038049,167861
Forest Heath,E07000201,3286,916,0.536,52.4,3.516667559,2.961895474,173,2.238046103,65399
St Edmundsbury,E07000204,3286,916,0.727,52.2,3.516667559,2.961895474,173,2.238046103,113482
High Peak,E07000037,3021,683,-1.89,53.3,3.480150725,2.834420704,171,2.23299611,92221
Staffordshire Moorlands,E07000198,3709,2688,-1.97,53.1,3.569256833,3.429429264,171,2.23299611,98397
Forest of Dean,E07000080,1766,500,-2.55,51.8,3.246990699,2.698970004,164,2.214843848,86543
Cornwall,E06000052,6790,5368,-5.05,50.3,3.831869774,3.729812507,160,2.204119983,565968
Harborough,E07000131,3083,970,-0.935,52.6,3.488973525,2.986771734,156,2.193124598,92499
Mendip,E07000187,1788,884,-2.52,51.2,3.252367514,2.946452265,155,2.190331698,114881
Babergh,E07000200,2244,804,0.918,52.1,3.351022853,2.905256049,154,2.187520721,91401
Chichester,E07000225,2389,1072,-0.775,50.8,3.37821615,3.030194785,154,2.187520721,120750
West Oxfordshire,E07000181,2472,851,-1.49,51.8,3.393048466,2.92992956,154,2.187520721,109800
Wiltshire,E06000054,8498,3855,-1.99,51.3,3.929316727,3.586024382,153,2.184691431,498064
South Norfolk,E07000149,3052,1290,1.23,52.5,3.484584529,3.11058971,152,2.181843588,138017
South Kesteven,E07000141,4253,811,-0.544,52.8,3.628695383,2.909020854,150,2.176091259,141853
Selby,E07000169,2882,588,-1.07,53.8,3.459693976,2.769377326,149,2.173186268,89106
South Northamptonshire,E07000155,2830,952,-1.02,52.1,3.451786436,2.978636948,146,2.164352856,92515
Suffolk Coastal,E07000205,4293,2425,1.41,52.1,3.632760888,3.384711743,146,2.164352856,129938
East Riding of Yorkshire,E06000011,12551,1774,-0.434,53.8,4.09867833,3.248953615,141,2.149219113,339614
Uttlesford,E07000077,3041,878,0.239,52,3.48301642,2.943494516,139,2.1430148,89179
East Cambridgeshire,E07000009,1518,533,0.243,52.4,3.181271772,2.726727209,137,2.136720567,89362
Isles of Scilly,E06000053,6790,5368,-6.33,49.9,3.831869774,3.729812507,137,2.136720567,2242
Malvern Hills,E07000235,1379,620,-2.34,52.1,3.139564266,2.792391689,135,2.130333768,78113
Scarborough,E07000168,4132,688,-0.4,54.3,3.616160313,2.837588438,133,2.123851641,108736
Stratford-on-Avon,E07000221,3013,1679,-1.71,52.2,3.478999132,3.225050696,130,2.113943352,127580
Daventry,E07000151,2274,664,-1.16,52.3,3.35679046,2.822168079,128,2.10720997,84484
South Holland,E07000140,2750,439,-0.0491,52.7,3.439332694,2.64246452,127,2.103803721,93980
North Kesteven,E07000139,3540,1155,-0.449,53.1,3.549003262,3.062581984,126,2.100370545,115985
Harrogate,E07000165,4654,1370,-1.54,54,3.667826379,3.136720567,123,2.089905111,160533
Mid Suffolk,E07000203,1700,671,1.07,52.3,3.230448921,2.82672252,118,2.071882007,102493
Purbeck,E07000051,5357,2200,-2.1,50.7,3.728921646,3.342422681,117,2.068185862,47135
North Dorset,E07000050,5357,2200,-2.21,50.9,3.728921646,3.342422681,116,2.064457989,70841
North Norfolk,E07000147,1562,569,1.05,52.9,3.19368103,2.755112266,109,2.037426498,104552
Breckland,E07000143,3052,1265,0.835,52.6,3.484584529,3.102090526,107,2.029383778,139329
King's Lynn and West Norfolk,E07000146,3801,1378,0.402,52.8,3.57989787,3.139249218,106,2.025305865,151811
Melton,E07000133,1698,422,-0.843,52.8,3.229937686,2.625312451,106,2.025305865,51100
Carlisle,E07000028,4421,656,-2.93,54.9,3.645520515,2.816903839,104,2.017033339,108387
Rutland,E06000017,776,285,-0.64,52.7,2.889861721,2.45484486,104,2.017033339,39697
Ribble Valley,E07000124,2918,521,-2.46,53.9,3.465085288,2.716837723,103,2.012837225,60057
Shropshire,E06000051,7815,2946,-2.74,52.7,3.892928982,3.469232743,100,2,320274
South Hams,E07000044,941,744,-3.8,50.4,2.973589623,2.871572936,97,1.986771734,86221
West Dorset,E07000052,5357,2200,-2.58,50.8,3.728921646,3.342422681,95,1.977723605,102754
Copeland,E07000029,1489,229,-3.39,54.4,3.172894698,2.359835482,94,1.973127854,68424
Derbyshire Dales,E07000035,1689,679,-1.67,53.2,3.22762965,2.831869774,91,1.959041392,71977
Mid Devon,E07000042,1216,561,-3.47,50.9,3.084933575,2.748962861,89,1.949390007,81695
"Herefordshire, County of",E06000019,3819,1364,-2.65,52.1,3.581949658,3.13481437,88,1.944482672,192107
North Devon,E07000043,1505,536,-3.89,51.1,3.1775365,2.72916479,88,1.944482672,96110
West Lindsey,E07000142,3006,726,-0.453,53.3,3.477988976,2.860936621,82,1.913813852,94869
East Lindsey,E07000137,4647,694,0.1,53.3,3.667172672,2.84135947,80,1.903089987,140741
Allerdale,E07000026,2287,442,-3.2,54.7,3.359266165,2.645422269,79,1.897627091,97527
Cotswold,E07000079,1629,1466,-1.88,51.8,3.211921084,3.16613397,76,1.880813592,89022
Hambleton,E07000164,2475,782,-0.67,52.7,3.393575203,2.893206753,70,1.84509804,91134
Torridge,E07000046,723,432,-4.27,50.9,2.859138297,2.635483747,69,1.838849091,68143
South Lakeland,E07000031,2995,762,-2.74,54.3,3.476396827,2.881954971,68,1.832508913,104532
Northumberland,E06000048,11803,1696,-2.08,55.2,4.071992407,3.229425848,64,1.806179974,320274
Craven,E07000163,1800,289,-2.16,54.1,3.255272505,2.460897843,48,1.681241237,56832
West Devon,E07000047,774,458,-4.03,50.7,2.888740961,2.660865478,48,1.681241237,55528
West Somerset,E07000191,3060,1720,-3.5,51.1,3.485721426,3.235528447,48,1.681241237,34887
Richmondshire,E07000166,1491,380,-2.01,54.3,3.173477643,2.579783597,40,1.602059991,53244
Ryedale,E07000167,1114,716,-0.728,54.2,3.046885191,2.854913022,36,1.556302501,54920
Eden,E07000030,1763,263,-2.7,54.7,3.246252312,2.419955748,25,1.397940009,52881
,,,,,,,,,,
,,,,,,,,,,
,,,,,,,,,,
,,,,,,,,,,
,,,,,,,,,,
,,,,,,,,,,
,,,,,,,,,,
,,,,,,,,,,
,,,,,,,,,,
,,,,,,,,,,
,,,,,,,,,,
,,,,,,,,,,
,,,,,,,,,,
,,,,,,,,,,
,,,,,,,,,,
,,,,,,,,,,
,,,,,,,,,,
,,,,,,,,,,
,,,,,,,,,,
,,,,,,,,,,
,,,,,,,,,,
,,,,,,,,,,